Fecha_Hora,Precio_BTC,Prediccion_BTC,Porcentaje_error,Mercado
2025-05-19 20:00:46,105545.47,103400.34,0.00,Baja
2025-05-19 21:00:45,105477.02,103557.52,1.97,Baja
2025-05-19 22:00:54,105456.77,103717.76,1.80,Baja
2025-05-19 23:00:52,105556.48,103877.60,1.74,Baja
2025-05-20 00:01:33,105554.39,104028.80,1.59,Baja
2025-05-20 01:02:38,105855.65,104179.62,1.73,Baja
2025-05-20 02:01:56,106513.44,104356.11,2.19,Baja
2025-05-20 03:01:29,106087.83,104500.69,1.63,Baja
2025-05-20 04:01:00,105804.64,104626.10,1.23,Baja
2025-05-20 05:01:08,106201.97,104761.80,1.48,Baja
2025-05-20 06:01:30,106116.47,104875.27,1.28,Baja
2025-05-20 07:00:59,105499.92,104943.77,0.59,Baja
2025-05-20 08:00:54,105045.45,104975.64,0.10,Baja
2025-05-20 09:00:58,105152.58,104992.95,0.17,Baja
2025-05-20 10:00:51,105294.46,104995.25,0.29,Baja
2025-05-20 11:00:54,105031.05,104969.01,0.03,Baja
2025-05-20 12:01:21,105193.06,104943.51,0.21,Baja
2025-05-20 13:01:57,104780.01,104887.30,0.16,Sube
2025-05-20 14:01:20,104407.01,104810.10,0.46,Sube
2025-05-20 15:01:34,104502.62,104732.52,0.29,Sube
2025-05-20 16:01:01,105354.26,104694.09,0.59,Baja
2025-05-20 17:00:58,105218.59,104647.94,0.50,Baja
2025-05-20 18:00:43,106233.17,104671.80,1.49,Baja
2025-05-20 19:00:44,105282.62,104654.87,0.58,Baja
2025-05-20 20:00:41,106959.99,104754.67,2.16,Baja
2025-05-20 21:00:45,106904.77,104854.84,2.01,Baja
2025-05-20 22:00:50,106662.49,104962.47,1.69,Baja
2025-05-20 23:00:48,106780.22,105089.79,1.70,Baja
2025-05-21 00:01:45,106804.42,105218.11,1.61,Baja
2025-05-21 01:02:23,106707.83,105340.23,1.40,Baja
2025-05-21 02:01:43,106508.90,105443.42,1.10,Baja
2025-05-21 03:01:18,106872.00,105555.89,1.34,Baja
2025-05-21 04:01:28,106839.84,105653.77,1.20,Baja
2025-05-21 05:01:10,107383.66,105772.66,1.61,Baja
2025-05-21 06:01:09,107548.64,105892.46,1.65,Baja
2025-05-21 07:01:00,107779.92,106023.88,1.75,Baja
2025-05-21 08:00:56,106458.77,106082.82,0.41,Baja
2025-05-21 09:01:26,106396.64,106132.00,0.29,Baja
2025-05-21 10:00:52,106215.95,106146.95,0.08,Baja
2025-05-21 11:01:06,106302.53,106147.34,0.15,Baja
2025-05-21 12:01:26,106501.48,106139.97,0.33,Baja
2025-05-21 13:02:07,106574.89,106125.00,0.41,Baja
2025-05-21 14:01:19,107436.65,106153.42,1.22,Baja
2025-05-21 15:01:00,108935.61,106265.41,2.55,Baja
2025-05-21 16:00:52,109004.01,106394.44,2.51,Baja
2025-05-21 17:00:50,109186.82,106564.48,2.56,Baja
2025-05-21 18:00:47,106540.80,106606.67,0.02,Sube
2025-05-21 19:00:47,106956.76,106679.32,0.33,Baja
2025-05-21 20:00:45,108664.29,106816.00,1.83,Baja
2025-05-21 21:00:49,108145.21,106899.71,1.23,Baja
2025-05-21 22:00:55,108414.65,107001.91,1.40,Baja
2025-05-21 23:00:53,108738.43,107115.28,1.60,Baja
2025-05-22 00:01:54,109530.96,107272.99,2.21,Baja
2025-05-22 01:01:47,110035.30,107449.79,2.51,Baja
2025-05-22 02:02:14,109961.64,107629.66,2.28,Baja
2025-05-22 03:01:32,110478.64,107844.94,2.58,Baja
2025-05-22 04:01:41,111623.63,108126.78,3.39,Baja
2025-05-22 05:01:35,111462.36,108399.77,2.99,Baja
2025-05-22 06:01:26,110872.97,108650.30,2.23,Baja
2025-05-22 07:01:28,110586.19,108873.41,1.75,Baja
2025-05-22 08:00:53,111127.06,109102.21,2.03,Baja
2025-05-22 09:01:26,110350.01,109265.78,1.13,Baja
2025-05-22 10:01:01,110786.22,109430.62,1.37,Baja
2025-05-22 11:01:35,110828.47,109565.68,1.26,Baja
2025-05-22 12:01:28,110986.59,109688.88,1.28,Baja
2025-05-22 13:01:52,111551.72,109826.17,1.67,Baja
2025-05-22 14:01:02,110950.20,109763.77,1.01,Baja
2025-05-22 15:01:02,110880.16,109770.70,1.01,Baja
2025-05-22 16:00:53,111280.47,109803.20,1.36,Baja
2025-05-22 17:00:50,111261.22,109840.73,1.31,Baja
2025-05-22 18:00:48,111509.56,109905.19,1.50,Baja
2025-05-22 19:00:51,111760.00,109993.34,1.66,Baja
2025-05-22 20:00:48,111173.92,110051.67,1.06,Baja
2025-05-22 21:00:53,110998.00,110112.77,0.85,Baja
2025-05-22 22:01:09,110912.89,110161.10,0.72,Baja
2025-05-22 23:00:59,111020.93,110207.15,0.77,Baja
2025-05-23 00:01:42,111636.37,110279.78,1.28,Baja
2025-05-23 01:01:48,111624.28,110343.20,1.20,Baja
2025-05-23 02:02:26,111336.64,110393.27,0.89,Baja
2025-05-23 03:01:34,111274.14,110439.58,0.79,Baja
2025-05-23 04:01:20,111086.49,110470.42,0.58,Baja
2025-05-23 05:01:42,110844.22,110479.99,0.34,Baja
2025-05-23 06:01:30,110826.11,110479.47,0.31,Baja
2025-05-23 07:01:21,110550.00,110450.62,0.06,Baja
2025-05-23 08:01:01,110745.38,110428.30,0.27,Baja
2025-05-23 09:01:32,110934.94,110406.99,0.46,Baja
2025-05-23 10:01:06,111335.02,110405.79,0.83,Baja
2025-05-23 11:01:36,111036.32,110392.04,0.57,Baja
2025-05-23 12:01:35,108758.00,110276.58,1.50,Sube
2025-05-23 13:02:14,108287.20,110130.44,1.84,Sube
2025-05-23 14:01:07,109799.95,110023.99,0.30,Sube
2025-05-23 15:01:27,109810.06,109898.04,0.19,Sube
2025-05-23 16:01:27,109066.42,109741.65,0.76,Sube
2025-05-23 17:00:53,109074.30,109593.59,0.61,Sube
2025-05-23 18:00:49,109366.19,109468.74,0.21,Sube
2025-05-23 19:00:53,108793.18,109316.17,0.62,Sube
2025-05-23 20:00:50,108707.17,109176.02,0.56,Sube
2025-05-23 21:00:53,108227.21,109014.70,0.88,Sube
2025-05-23 22:01:02,108328.95,108857.62,0.63,Sube
2025-05-23 23:00:58,107736.07,108676.68,1.04,Sube
2025-05-24 00:01:46,107142.87,108476.45,1.43,Sube
2025-05-24 01:01:57,107352.75,108287.25,1.05,Sube
2025-05-24 02:02:35,107270.12,108100.10,0.95,Sube
2025-05-24 03:01:35,107758.94,107944.99,0.32,Sube
2025-05-24 04:01:29,108390.79,107833.00,0.41,Baja
2025-05-24 05:01:51,108517.11,107748.23,0.63,Baja
2025-05-24 06:02:26,108235.70,107676.28,0.45,Baja
2025-05-24 07:01:28,108030.22,107614.91,0.33,Baja
2025-05-24 08:00:55,107597.76,107546.38,0.02,Baja
2025-05-24 09:01:46,108324.32,107523.82,0.72,Baja
2025-05-24 10:01:01,108177.28,107496.77,0.60,Baja
2025-05-24 11:01:29,109101.62,107532.50,1.47,Baja
2025-05-24 12:01:04,109223.70,107583.86,1.55,Baja
2025-05-24 13:00:55,108781.69,107629.44,1.10,Baja
2025-05-24 14:00:50,108589.59,107676.84,0.88,Baja
2025-05-24 15:00:59,108931.66,107745.09,1.15,Baja
2025-05-24 16:01:36,108923.84,107808.02,1.08,Baja
2025-05-24 17:01:06,109015.05,107874.70,1.11,Baja
2025-05-24 18:00:45,108915.61,107934.62,0.96,Baja
2025-05-24 19:00:46,108802.53,107983.53,0.80,Baja
2025-05-24 20:00:45,108969.49,108035.93,0.90,Baja
2025-05-24 21:01:00,108863.61,108075.03,0.76,Baja
2025-05-24 22:00:54,108835.51,108108.86,0.70,Baja
2025-05-24 23:00:55,108056.79,108095.20,0.05,Sube
2025-05-25 00:01:40,107762.40,108058.33,0.31,Sube
2025-05-25 01:01:49,107318.54,107983.87,0.69,Sube
2025-05-25 02:02:36,107696.01,107911.96,0.27,Sube
2025-05-25 03:01:28,108086.62,107841.08,0.16,Baja
2025-05-25 04:01:20,108090.89,107771.48,0.23,Baja
2025-05-25 05:01:36,108244.35,107718.53,0.44,Baja
2025-05-25 06:01:28,108122.14,107667.01,0.37,Baja
2025-05-25 07:01:01,107880.42,107615.55,0.20,Baja
2025-05-25 08:00:50,107660.89,107558.88,0.04,Baja
2025-05-25 09:01:30,107080.12,107473.16,0.45,Sube
2025-05-25 10:00:56,107119.99,107388.96,0.33,Sube
2025-05-25 11:01:04,106874.04,107287.95,0.48,Sube
2025-05-25 12:01:02,107230.38,107204.45,0.05,Baja
2025-05-25 13:00:54,107480.00,107133.68,0.26,Baja
2025-05-25 14:00:51,107530.43,107074.58,0.37,Baja
2025-05-25 15:00:59,107397.89,107016.91,0.30,Baja
2025-05-25 16:01:15,106948.33,106946.23,0.06,Baja
2025-05-25 17:01:06,107201.26,106895.45,0.24,Baja
2025-05-25 18:00:45,107336.58,106854.20,0.41,Baja
2025-05-25 19:00:46,107413.94,106822.63,0.52,Baja
2025-05-25 20:00:44,107916.29,106825.11,1.01,Baja
2025-05-25 21:01:05,107673.99,106823.15,0.79,Baja
2025-05-25 22:00:55,107499.63,106824.08,0.63,Baja
2025-05-25 23:00:56,109158.00,106921.29,2.14,Baja
2025-05-26 00:01:47,108955.69,107012.30,1.87,Baja
2025-05-26 01:02:18,109573.97,107159.51,2.34,Baja
2025-05-26 02:03:15,109483.60,107314.65,2.12,Baja
2025-05-26 03:01:39,109386.99,107475.17,1.89,Baja
2025-05-26 04:01:33,109643.04,107649.74,1.98,Baja
2025-05-26 05:02:13,109509.73,107812.54,1.70,Baja
2025-05-26 06:01:26,109659.72,107975.51,1.68,Baja
2025-05-26 07:01:32,109923.42,108140.00,1.77,Baja
2025-05-26 08:00:53,110051.76,108299.59,1.74,Baja
2025-05-26 09:02:38,109600.00,108425.93,1.19,Baja
2025-05-26 10:01:28,109705.18,108544.97,1.17,Baja
2025-05-26 11:01:50,109643.71,108641.73,1.00,Baja
2025-05-26 12:01:36,109818.17,108729.55,1.07,Baja
2025-05-26 13:03:19,109892.48,108807.40,1.06,Baja
2025-05-26 14:01:24,109591.83,108857.42,0.72,Baja
2025-05-26 15:01:22,109681.83,108902.73,0.75,Baja
2025-05-26 16:01:27,110092.72,108958.66,1.08,Baja
2025-05-26 17:01:24,109351.29,108967.22,0.36,Baja
2025-05-26 18:00:50,109171.02,108963.69,0.19,Baja
2025-05-26 19:00:54,109055.00,108944.48,0.08,Baja
2025-05-26 20:00:55,109111.42,108918.28,0.15,Baja
2025-05-26 21:01:23,109629.85,108907.02,0.65,Baja
2025-05-26 22:01:13,109316.94,108879.60,0.37,Baja
2025-05-26 23:01:19,109190.48,108849.43,0.28,Baja
2025-05-27 00:01:54,109398.46,108831.85,0.50,Baja
2025-05-27 01:03:18,109100.64,108799.22,0.25,Baja
2025-05-27 02:02:57,108487.56,108731.45,0.29,Sube
2025-05-27 03:01:44,108393.39,108652.68,0.31,Sube
2025-05-27 04:01:41,108907.09,108596.48,0.23,Baja
2025-05-27 05:01:52,108947.19,108538.91,0.32,Baja
2025-05-27 06:01:39,108954.00,108487.45,0.38,Baja
2025-05-27 07:01:36,108873.89,108439.23,0.35,Baja
2025-05-27 08:01:29,109698.34,108436.14,1.15,Baja
2025-05-27 09:02:12,109727.25,108444.60,1.18,Baja
2025-05-27 10:01:00,109829.95,108478.05,1.26,Baja
2025-05-27 11:01:31,109680.76,108517.95,1.10,Baja
2025-05-27 12:01:48,109581.25,108562.39,0.97,Baja
2025-05-27 13:02:30,109624.80,108611.73,0.97,Baja
2025-05-27 14:01:36,109974.12,108676.39,1.24,Baja
2025-05-27 15:01:25,109289.72,108702.20,0.56,Baja
2025-05-27 16:01:34,110158.05,108777.56,1.32,Baja
2025-05-27 17:00:53,110233.23,108847.12,1.32,Baja
2025-05-27 18:00:49,110232.44,108921.20,1.26,Baja
2025-05-27 19:00:52,109897.52,108978.47,0.89,Baja
2025-05-27 20:00:52,109860.27,109030.15,0.80,Baja
2025-05-27 21:01:17,109573.59,109059.14,0.50,Baja
2025-05-27 22:01:01,108888.88,109040.71,0.16,Sube
2025-05-27 23:01:02,109034.76,109017.49,0.01,Baja
2025-05-28 00:01:48,108863.64,108970.69,0.14,Sube
2025-05-28 01:02:39,109219.81,108931.05,0.23,Baja
2025-05-28 02:02:48,108696.65,108853.51,0.22,Sube
2025-05-28 03:01:43,108590.04,108773.81,0.24,Sube
2025-05-28 04:01:40,108822.02,108704.13,0.04,Baja
2025-05-28 05:01:56,108972.95,108640.09,0.25,Baja
2025-05-28 06:01:35,108959.99,108583.18,0.29,Baja
2025-05-28 07:01:25,108740.17,108520.88,0.14,Baja
2025-05-28 08:01:19,108816.43,108470.42,0.27,Baja
2025-05-28 09:01:59,108987.92,108435.22,0.47,Baja
2025-05-28 10:01:00,108689.65,108390.30,0.23,Baja
2025-05-28 11:01:23,108849.12,108360.31,0.42,Baja
2025-05-28 12:01:34,108907.18,108334.45,0.50,Baja
2025-05-28 13:02:12,108848.95,108311.98,0.47,Baja
2025-05-28 14:01:01,108071.83,108250.99,0.22,Sube
2025-05-28 15:01:05,107556.21,108161.73,0.65,Sube
2025-05-28 16:01:21,107165.56,108043.62,0.93,Sube
2025-05-28 17:00:49,107441.02,107925.16,0.56,Sube
2025-05-28 18:00:46,107667.99,107811.61,0.24,Sube
2025-05-28 19:00:50,107448.45,107687.60,0.34,Sube
2025-05-28 20:00:49,106898.29,107545.98,0.74,Sube
2025-05-28 21:01:23,107280.89,107431.12,0.25,Sube
2025-05-28 22:01:01,107479.75,107327.05,0.05,Baja
2025-05-28 23:01:03,107419.44,107230.70,0.09,Baja
2025-05-29 00:01:53,107789.72,107168.09,0.52,Baja
2025-05-29 01:03:00,108231.51,107145.30,0.98,Baja
2025-05-29 02:02:27,108147.18,107134.41,0.93,Baja
2025-05-29 03:01:41,108430.76,107157.49,1.20,Baja
2025-05-29 04:01:37,108066.00,107173.00,0.84,Baja
2025-05-29 05:01:58,107504.55,107172.44,0.31,Baja
2025-05-29 06:01:40,107677.28,107180.73,0.47,Baja
2025-05-29 07:01:38,107891.02,107193.23,0.66,Baja
2025-05-29 08:01:42,107870.06,107199.23,0.63,Baja
2025-05-29 09:02:37,108531.39,107240.49,1.23,Baja
2025-05-29 10:01:37,108520.78,107283.42,1.18,Baja
2025-05-29 11:01:37,108772.61,107350.42,1.37,Baja
2025-05-29 12:01:39,108776.98,107420.87,1.31,Baja
2025-05-29 13:02:20,108407.14,107477.68,0.91,Baja
2025-05-29 14:01:15,107629.83,107489.84,0.14,Baja
2025-05-29 15:01:32,107719.99,107503.92,0.21,Baja
2025-05-29 16:01:35,107055.22,107460.37,0.42,Sube
2025-05-29 17:00:58,106878.26,107393.30,0.54,Sube
2025-05-29 18:00:57,106317.12,107279.19,1.01,Sube
2025-05-29 19:00:53,105929.92,107138.80,1.27,Sube
2025-05-29 20:00:51,105763.01,106968.46,1.30,Sube
2025-05-29 21:01:27,106184.09,106809.52,0.74,Sube
2025-05-29 22:01:24,106443.01,106661.01,0.34,Sube
2025-05-29 23:01:24,105973.66,106495.14,0.65,Sube
2025-05-30 00:01:58,105720.93,106328.55,0.73,Sube
2025-05-30 01:03:33,105180.00,106134.67,1.09,Sube
2025-05-30 02:03:09,105653.83,105981.16,0.46,Sube
2025-05-30 03:01:46,105982.69,105851.29,0.00,Baja
2025-05-30 04:01:47,105996.73,105738.77,0.14,Baja
2025-05-30 05:02:25,106154.69,105653.91,0.39,Baja
2025-05-30 06:01:45,106090.75,105584.37,0.41,Baja
2025-05-30 07:01:46,105716.70,105514.53,0.13,Baja
2025-05-30 08:01:26,105131.47,105421.64,0.36,Sube
2025-05-30 09:02:20,105291.33,105341.38,0.12,Sube
2025-05-30 10:01:27,105587.17,105276.18,0.23,Baja
2025-05-30 11:01:31,105848.02,105233.10,0.54,Baja
2025-05-30 12:01:41,105890.54,105203.61,0.62,Baja
2025-05-30 13:02:21,105750.02,105175.20,0.52,Baja
2025-05-30 14:01:16,105509.50,105144.67,0.32,Baja
2025-05-30 15:01:29,105323.60,105112.40,0.17,Baja
2025-05-30 16:01:31,105532.25,105091.28,0.40,Baja
2025-05-30 17:00:54,103949.07,104981.23,1.10,Sube
2025-05-30 18:00:53,104183.91,104883.16,0.77,Sube
2025-05-30 19:00:56,104892.73,104806.16,0.01,Baja
2025-05-30 20:00:53,104603.43,104706.04,0.19,Sube
2025-05-30 21:01:23,104567.99,104611.25,0.13,Sube
2025-05-30 22:01:02,104634.18,104526.65,0.02,Baja
2025-05-30 23:01:00,104020.35,104415.34,0.49,Sube
2025-05-31 00:01:51,104127.90,104311.51,0.28,Sube
2025-05-31 01:02:53,103974.85,104201.64,0.32,Sube
2025-05-31 02:02:21,103503.00,104070.73,0.67,Sube
2025-05-31 03:01:23,103249.74,103928.75,0.80,Sube
2025-05-31 04:01:23,103634.02,103812.50,0.28,Sube
2025-05-31 05:01:39,103793.40,103706.80,0.02,Baja
2025-05-31 06:01:30,103552.42,103599.08,0.15,Sube
2025-05-31 07:01:03,103843.79,103522.00,0.24,Baja
2025-05-31 08:00:52,103750.09,103449.77,0.22,Baja
2025-05-31 09:01:31,103648.29,103385.91,0.19,Baja
2025-05-31 10:00:51,103530.32,103326.73,0.14,Baja
2025-05-31 11:00:59,103410.06,103268.51,0.08,Baja
2025-05-31 12:01:01,103488.00,103220.13,0.21,Baja
2025-05-31 13:00:56,103994.20,103203.68,0.74,Baja
2025-05-31 14:00:51,104117.30,103199.11,0.88,Baja
2025-05-31 15:00:55,104570.79,103231.96,1.31,Baja
2025-05-31 16:01:13,104575.14,103275.52,1.28,Baja
2025-05-31 17:00:51,104490.57,103327.86,1.16,Baja
2025-05-31 18:00:47,104349.06,103379.94,0.98,Baja
2025-05-31 19:00:49,104487.81,103441.91,1.06,Baja
2025-05-31 20:00:49,104708.65,103512.93,1.21,Baja
2025-05-31 21:01:07,104781.83,103586.04,1.21,Baja
2025-05-31 22:00:55,104881.29,103661.48,1.23,Baja
2025-05-31 23:00:54,104631.63,103722.21,0.93,Baja
2025-06-01 00:01:47,104608.88,103778.76,0.85,Baja
2025-06-01 01:02:15,104430.26,103817.84,0.62,Baja
2025-06-01 02:02:26,104126.30,103832.50,0.30,Baja
2025-06-01 03:01:28,104199.19,103841.65,0.35,Baja
2025-06-01 04:01:39,104396.21,103849.65,0.53,Baja
2025-06-01 05:01:58,104630.04,103863.39,0.75,Baja
2025-06-01 06:01:32,104522.75,103869.71,0.63,Baja
2025-06-01 07:01:32,104261.78,103862.05,0.38,Baja
2025-06-01 08:00:57,104275.93,103855.84,0.40,Baja
2025-06-01 09:01:32,104434.41,103852.52,0.55,Baja
2025-06-01 10:00:54,103869.03,103816.12,0.02,Baja
2025-06-01 11:01:33,103915.16,103782.05,0.10,Baja
2025-06-01 12:01:06,104081.71,103750.37,0.29,Baja
2025-06-01 13:00:57,103956.23,103709.84,0.20,Baja
2025-06-01 14:00:57,104245.40,103687.14,0.51,Baja
2025-06-01 15:01:01,104617.33,103685.72,0.89,Baja
2025-06-01 16:01:48,104715.11,103696.49,0.98,Baja
2025-06-01 17:00:51,105050.16,103736.08,1.29,Baja
2025-06-01 18:00:45,105066.33,103786.11,1.27,Baja
2025-06-01 19:00:53,104908.55,103834.01,1.07,Baja
2025-06-01 20:00:46,105144.88,103901.55,1.25,Baja
2025-06-01 21:01:00,104948.90,103959.09,1.00,Baja
2025-06-01 22:00:52,105469.88,104046.67,1.43,Baja
2025-06-01 23:00:52,105512.20,104132.90,1.39,Baja
2025-06-02 00:01:34,105616.69,104226.97,1.40,Baja
2025-06-02 01:02:20,105455.00,104310.00,1.16,Baja
2025-06-02 02:02:20,105387.88,104387.78,1.02,Baja
2025-06-02 03:01:28,105026.33,104438.53,0.61,Baja
2025-06-02 04:01:30,104829.26,104469.30,0.37,Baja
2025-06-02 05:01:39,104746.88,104481.14,0.27,Baja
2025-06-02 06:01:23,104833.80,104483.11,0.34,Baja
2025-06-02 07:01:04,105174.63,104492.81,0.66,Baja
2025-06-02 08:01:33,105370.38,104507.15,0.83,Baja
2025-06-02 09:02:03,105271.82,104520.00,0.73,Baja
2025-06-02 10:00:58,104619.05,104497.94,0.09,Baja
2025-06-02 11:01:30,104360.00,104462.55,0.13,Sube
2025-06-02 12:01:27,104038.36,104399.86,0.41,Sube
2025-06-02 13:02:23,104243.91,104337.40,0.15,Sube
2025-06-02 14:00:57,103750.18,104240.41,0.57,Sube
2025-06-02 15:01:20,104194.42,104164.79,0.04,Baja
2025-06-02 16:01:21,104413.85,104095.93,0.24,Baja
2025-06-02 17:00:53,104348.87,104030.38,0.24,Baja
2025-06-02 18:00:47,104391.00,103978.05,0.35,Baja
2025-06-02 19:00:51,104333.33,103931.70,0.34,Baja
2025-06-02 20:00:51,104455.28,103898.70,0.50,Baja
2025-06-02 21:01:08,104878.62,103897.46,0.93,Baja
2025-06-02 22:00:57,104955.28,103908.27,1.01,Baja
2025-06-02 23:00:56,105733.67,103971.31,1.73,Baja
2025-06-03 00:01:41,105759.48,104050.67,1.69,Baja
2025-06-03 01:02:33,106254.99,104173.98,2.07,Baja
2025-06-03 02:02:05,106396.93,104318.36,2.09,Baja
2025-06-03 03:01:31,105660.07,104429.99,1.27,Baja
2025-06-03 04:01:22,105484.72,104534.50,1.00,Baja
2025-06-03 05:01:47,105187.97,104608.00,0.62,Baja
2025-06-03 06:01:25,105452.08,104680.12,0.80,Baja
2025-06-03 07:01:22,105394.16,104730.80,0.68,Baja
2025-06-03 08:01:01,105187.87,104756.75,0.43,Baja
2025-06-03 09:01:51,105094.93,104766.49,0.32,Baja
2025-06-03 10:01:01,105184.21,104770.25,0.40,Baja
2025-06-03 11:01:39,105280.99,104769.63,0.49,Baja
2025-06-03 12:01:44,105291.51,104764.35,0.50,Baja
2025-06-03 13:02:10,105328.62,104759.01,0.54,Baja
2025-06-03 14:01:00,105519.99,104761.02,0.72,Baja
2025-06-03 15:01:21,106542.72,104823.68,1.67,Baja
2025-06-03 16:01:20,106617.95,104895.20,1.68,Baja
2025-06-03 17:00:54,105780.24,104938.73,0.84,Baja
2025-06-03 18:00:50,105943.99,105000.14,0.95,Baja
2025-06-03 19:00:50,106013.16,105059.12,0.96,Baja
2025-06-03 20:00:52,106183.74,105124.18,1.06,Baja
2025-06-03 21:01:14,105720.25,105159.17,0.56,Baja
2025-06-03 22:00:53,105370.73,105171.62,0.20,Baja
2025-06-03 23:01:26,105710.51,105192.76,0.51,Baja
2025-06-04 00:01:59,105343.16,105179.62,0.14,Baja
2025-06-04 01:03:18,105592.79,105168.76,0.39,Baja
2025-06-04 02:02:00,105593.72,105152.12,0.40,Baja
2025-06-04 03:01:35,105486.26,105127.43,0.32,Baja
2025-06-04 04:01:19,105519.27,105104.77,0.37,Baja
2025-06-04 05:01:54,105424.62,105075.73,0.30,Baja
2025-06-04 06:01:30,105354.27,105044.20,0.26,Baja
2025-06-04 07:01:23,105349.57,105011.00,0.29,Baja
2025-06-04 08:01:01,105350.49,104978.68,0.32,Baja
2025-06-06 22:00:52,104386.30,103591.23,0.57,Baja
2025-06-06 23:00:57,104484.83,103657.55,0.86,Baja
2025-06-07 00:01:41,104303.12,103700.12,0.62,Baja
2025-06-07 01:02:24,104488.35,103742.77,0.75,Baja
2025-06-07 02:02:08,104446.74,103773.00,0.67,Baja
2025-06-07 03:01:31,104484.56,103801.41,0.68,Baja
2025-06-07 04:01:20,104854.91,103844.20,1.00,Baja
2025-06-07 05:01:57,104826.90,103881.44,0.94,Baja
2025-06-07 06:01:36,104886.88,103923.84,0.96,Baja
2025-06-07 07:01:30,105220.83,103986.04,1.23,Baja
2025-06-07 08:01:08,104867.08,104027.91,0.84,Baja
2025-06-07 09:01:52,104807.77,104067.01,0.74,Baja
2025-06-07 10:00:53,104876.25,104104.79,0.77,Baja
2025-06-07 11:01:22,105128.90,104151.95,0.97,Baja
2025-06-07 12:01:05,105129.17,104193.55,0.93,Baja
2025-06-07 13:00:57,105410.17,104252.25,1.15,Baja
2025-06-07 14:00:48,105626.37,104320.27,1.30,Baja
2025-06-07 15:00:57,105431.61,104379.41,1.05,Baja
2025-06-07 16:01:14,105558.11,104447.50,1.12,Baja
2025-06-07 17:00:51,105349.98,104500.94,0.86,Baja
2025-06-07 18:00:46,105404.38,104553.74,0.86,Baja
2025-06-07 19:00:46,105596.79,104609.71,0.99,Baja
2025-06-07 20:00:49,105727.94,104667.41,1.06,Baja
2025-06-07 21:01:04,105835.66,104728.41,1.10,Baja
2025-06-07 22:00:52,105764.65,104783.62,0.98,Baja
2025-06-07 23:00:56,105815.60,104840.15,0.98,Baja
2025-06-08 00:01:38,105552.16,104878.20,0.67,Baja
2025-06-08 01:02:33,105457.57,104907.27,0.55,Baja
2025-06-08 02:01:51,105652.30,104940.08,0.71,Baja
2025-06-08 03:01:33,105447.99,104952.45,0.48,Baja
2025-06-08 04:01:26,105472.17,104961.88,0.49,Baja
2025-06-08 05:01:54,105614.37,104972.83,0.62,Baja
2025-06-08 06:01:34,105453.03,104970.20,0.46,Baja
2025-06-08 07:01:08,105442.86,104966.08,0.45,Baja
2025-06-08 08:01:05,105426.47,104957.62,0.44,Baja
2025-06-08 09:01:37,105393.61,104944.89,0.41,Baja
2025-06-08 10:00:51,105162.79,104918.34,0.21,Baja
2025-06-08 11:01:26,105402.36,104902.09,0.46,Baja
2025-06-08 12:01:20,105686.71,104900.07,0.74,Baja
2025-06-08 13:00:57,105720.95,104901.90,0.78,Baja
2025-06-08 14:00:47,105628.40,104904.77,0.69,Baja
2025-06-08 15:00:56,105829.69,104924.23,0.87,Baja
2025-06-08 16:01:17,105998.53,104953.59,1.01,Baja
2025-06-08 17:00:50,106181.88,104998.22,1.16,Baja
2025-06-08 18:00:46,106092.94,105042.75,1.03,Baja
2025-06-08 19:00:47,106317.51,105103.92,1.20,Baja
2025-06-08 20:00:50,106285.97,105164.74,1.11,Baja
2025-06-08 21:01:04,106172.16,105219.59,0.95,Baja
2025-06-08 22:00:52,106282.29,105281.15,1.00,Baja
2025-06-08 23:00:56,105741.25,105306.56,0.44,Baja
2025-06-09 00:01:39,105734.01,105327.03,0.40,Baja
2025-06-09 01:02:30,105655.57,105331.96,0.31,Baja
2025-06-09 02:01:58,105533.78,105319.00,0.19,Baja
2025-06-09 03:01:38,105582.77,105301.38,0.25,Baja
2025-06-09 04:01:19,105654.24,105279.66,0.33,Baja
2025-06-09 05:01:55,105431.33,105244.21,0.14,Baja
2025-06-09 06:01:32,105379.12,105205.13,0.13,Baja
2025-06-09 07:01:05,105686.88,105180.30,0.46,Baja
2025-06-09 08:01:13,105560.69,105148.55,0.36,Baja
2025-06-09 09:01:47,105921.07,105141.78,0.73,Baja
2025-06-09 10:00:56,106620.22,105176.01,1.39,Baja
2025-06-09 11:01:37,107217.10,105250.38,1.90,Baja
2025-06-09 12:01:27,107749.12,105369.09,2.32,Baja
2025-06-09 13:01:40,107752.60,105507.76,2.21,Baja
2025-06-09 14:00:50,107082.45,105626.91,1.47,Baja
2025-06-09 15:00:57,107564.36,105780.23,1.80,Baja
2025-06-09 16:01:19,107672.72,105928.80,1.76,Baja
2025-06-09 17:00:52,107695.00,106073.50,1.64,Baja
2025-06-09 18:00:49,108358.04,106247.86,2.11,Baja
2025-06-09 19:00:53,108446.87,106418.38,2.03,Baja
2025-06-09 20:00:51,108591.02,106592.40,2.00,Baja
2025-06-09 21:01:16,108706.74,106767.88,1.94,Baja
2025-06-09 22:00:52,109923.29,107004.27,2.87,Baja
2025-06-09 23:00:58,110175.08,107245.12,2.88,Baja
2025-06-10 00:01:41,110276.93,107496.48,2.75,Baja
2025-06-10 01:02:28,109910.34,107727.91,2.20,Baja
2025-06-10 02:01:54,109687.07,107943.72,1.79,Baja
2025-06-10 03:01:37,109673.00,108136.13,1.58,Baja
2025-06-10 04:01:19,109575.83,108297.86,1.31,Baja
2025-06-10 05:02:17,109504.71,108431.59,1.10,Baja
2025-06-10 06:01:37,109309.05,108531.12,0.80,Baja
2025-06-10 07:01:08,109509.56,108619.43,0.89,Baja
2025-06-10 08:01:02,109211.89,108669.73,0.54,Baja
2025-06-10 09:01:47,109084.63,108696.91,0.38,Baja
2025-06-10 10:00:55,109506.70,108731.26,0.74,Baja
2025-06-10 11:01:41,109291.59,108740.50,0.51,Baja
2025-06-10 12:01:36,109570.57,108759.45,0.76,Baja
2025-06-10 13:01:46,109673.07,108781.12,0.83,Baja
2025-06-10 14:00:54,109313.83,108782.43,0.49,Baja
2025-06-10 15:01:22,108582.92,108747.20,0.18,Sube
2025-06-10 16:01:20,109021.95,108728.98,0.25,Baja
2025-06-10 17:00:53,108735.65,108681.24,0.01,Baja
2025-06-10 18:00:50,108706.32,108630.34,0.02,Baja
2025-06-10 19:00:53,109326.00,108607.20,0.64,Baja
2025-06-10 20:00:54,109540.46,108595.65,0.85,Baja
2025-06-10 21:01:17,109972.66,108617.67,1.25,Baja
2025-06-10 22:00:55,109866.68,108645.36,1.14,Baja
2025-06-10 23:01:00,109731.67,108680.11,0.99,Baja
2025-06-11 00:01:41,110269.90,108751.83,1.44,Baja
2025-06-11 01:02:36,109790.70,108804.66,0.95,Baja
2025-06-11 02:02:13,109674.01,108852.46,0.79,Baja
2025-06-11 03:01:44,109682.34,108895.85,0.76,Baja
2025-06-11 04:01:27,109733.90,108934.97,0.76,Baja
2025-06-11 05:02:14,109559.19,108957.91,0.57,Baja
2025-06-11 06:01:35,109519.97,108971.02,0.51,Baja
2025-06-11 07:01:15,109595.02,108981.98,0.57,Baja
2025-06-11 08:01:39,109457.12,108979.05,0.43,Baja
2025-06-11 09:02:39,109577.51,108979.63,0.55,Baja
2025-06-11 10:01:25,109280.16,108959.55,0.28,Baja
2025-06-11 11:02:36,109366.70,108943.85,0.37,Baja
2025-06-11 12:01:43,109236.33,108917.12,0.27,Baja
2025-06-11 13:02:15,109599.46,108912.24,0.62,Baja
2025-06-11 14:01:00,109696.00,108908.11,0.71,Baja
2025-06-11 15:01:25,109877.58,108918.48,0.88,Baja
2025-06-11 16:01:21,109789.29,108925.48,0.79,Baja
2025-06-11 17:00:52,109390.01,108920.30,0.42,Baja
2025-06-11 18:00:49,109011.66,108894.30,0.08,Baja
2025-06-11 19:00:55,108821.74,108854.32,0.07,Sube
2025-06-11 20:00:55,108733.50,108801.41,0.11,Sube
2025-06-11 21:01:15,108943.16,108749.42,0.13,Baja
2025-06-11 22:00:59,108461.82,108669.79,0.27,Sube
2025-06-11 23:00:59,108375.32,108587.00,0.27,Sube
2025-06-12 00:01:45,108643.01,108515.45,0.05,Baja
2025-06-12 01:02:51,108627.24,108444.94,0.10,Baja
2025-06-12 02:02:21,108522.01,108372.34,0.07,Baja
2025-06-12 03:01:34,108389.75,108299.56,0.02,Baja
2025-06-12 04:01:23,107897.47,108203.06,0.37,Sube
2025-06-12 05:02:06,107724.02,108102.48,0.44,Sube
2025-06-12 06:01:44,107773.40,108001.22,0.31,Sube
2025-06-12 07:01:19,107909.01,107906.93,0.09,Baja
2025-06-12 08:03:02,107594.67,107800.25,0.29,Sube
2025-06-12 09:02:22,107700.83,107707.25,0.09,Sube
2025-06-12 10:01:20,107494.43,107607.27,0.20,Sube
2025-06-12 11:02:08,107332.20,107505.10,0.26,Sube
2025-06-12 12:01:41,106898.65,107385.71,0.57,Sube
2025-06-12 13:01:56,107034.30,107275.83,0.33,Sube
2025-06-12 14:01:09,107088.97,107164.24,0.17,Sube
2025-06-12 15:01:03,107636.00,107089.15,0.44,Baja
2025-06-12 16:01:25,106985.39,106992.55,0.10,Sube
2025-06-12 17:01:04,107653.35,106948.57,0.61,Baja
2025-06-12 18:00:57,108228.29,106942.82,1.18,Baja
2025-06-12 19:00:59,107532.00,106916.60,0.55,Baja
2025-06-12 20:00:59,106811.93,106866.62,0.10,Sube
2025-06-12 21:01:25,105970.16,106775.33,0.85,Sube
2025-06-12 22:01:23,105910.53,106672.51,0.82,Sube
2025-06-12 23:01:33,105918.51,106554.17,0.71,Sube
2025-06-13 00:02:13,105320.09,106415.58,1.17,Sube
2025-06-13 01:06:19,103260.86,106171.33,3.06,Sube
2025-06-13 02:03:26,103679.24,105931.58,2.40,Sube
2025-06-13 03:01:34,103660.01,105656.33,2.19,Sube
2025-06-13 04:01:30,104257.89,105406.40,1.34,Sube
2025-06-13 05:02:24,104272.93,105163.44,1.09,Sube
2025-06-13 06:01:37,103974.50,104923.40,1.14,Sube
2025-06-13 07:01:18,104629.60,104731.48,0.28,Sube
2025-06-13 08:01:31,104917.35,104579.52,0.18,Baja
2025-06-13 09:01:57,104744.00,104451.85,0.16,Baja
2025-06-13 10:00:59,104864.51,104360.27,0.39,Baja
2025-06-13 11:02:01,104845.00,104293.31,0.46,Baja
2025-06-13 12:01:28,105018.39,104256.76,0.69,Baja
2025-06-13 13:01:56,104889.47,104228.56,0.60,Baja
2025-06-13 14:00:54,104801.91,104206.45,0.55,Baja
2025-06-13 15:01:07,105005.25,104203.61,0.76,Baja
2025-06-13 16:01:24,105401.95,104229.46,1.14,Baja
2025-06-13 17:00:57,105753.42,104283.41,1.44,Baja
2025-06-13 18:00:52,105394.00,104327.01,1.05,Baja
2025-06-13 19:00:56,105183.99,104367.20,0.81,Baja
2025-06-13 20:00:56,105134.52,104403.85,0.73,Baja
2025-06-13 21:01:18,105439.89,104452.34,0.98,Baja
2025-06-13 22:00:59,105661.77,104505.88,1.14,Baja
2025-06-13 23:01:00,105760.61,104565.34,1.19,Baja
2025-06-14 00:01:48,106005.11,104642.55,1.36,Baja
2025-06-14 01:02:52,105741.30,104706.05,1.04,Baja
2025-06-14 02:02:42,105495.91,104756.67,0.75,Baja
2025-06-14 03:01:35,105321.21,104794.02,0.54,Baja
2025-06-14 04:01:36,105226.37,104815.89,0.41,Baja
2025-06-14 05:02:27,105340.59,104834.07,0.50,Baja
2025-06-14 06:01:40,105294.36,104839.06,0.44,Baja
2025-06-14 07:01:18,105096.18,104827.43,0.24,Baja
2025-06-14 08:01:22,105070.34,104809.25,0.23,Baja
2025-06-14 09:02:00,105095.05,104786.70,0.27,Baja
2025-06-14 10:00:58,104890.11,104747.59,0.10,Baja
2025-06-14 11:01:39,105011.93,104714.02,0.25,Baja
2025-06-14 12:01:23,105083.55,104682.16,0.35,Baja
2025-06-14 13:01:05,105025.40,104647.50,0.33,Baja
2025-06-14 14:00:54,105017.42,104616.09,0.35,Baja
2025-06-14 15:01:01,104913.30,104581.89,0.28,Baja
2025-06-14 16:01:23,104841.67,104545.77,0.25,Baja
2025-06-14 17:00:54,104446.00,104489.76,0.10,Sube
2025-06-14 18:00:52,104608.18,104443.57,0.11,Baja
2025-06-14 19:00:53,104897.27,104409.07,0.43,Baja
2025-06-14 20:00:54,104624.92,104364.05,0.21,Baja
2025-06-14 21:01:21,104901.88,104339.17,0.51,Baja
2025-06-14 22:00:58,105385.62,104340.70,0.99,Baja
2025-06-14 23:00:58,105418.75,104351.29,1.02,Baja
2025-06-15 00:01:54,105425.93,104375.25,1.02,Baja
2025-06-15 01:03:11,105633.70,104421.27,1.19,Baja
2025-06-15 02:02:21,105499.99,104462.24,1.02,Baja
2025-06-15 03:01:44,105494.00,104509.89,0.98,Baja
2025-06-15 04:01:27,105489.24,104557.52,0.93,Baja
2025-06-15 05:01:43,105559.69,104607.84,0.95,Baja
2025-06-15 06:01:43,106108.02,104683.95,1.41,Baja
2025-06-15 07:01:22,105440.69,104721.95,0.72,Baja
2025-06-15 08:01:33,105440.51,104762.96,0.68,Baja
2025-06-15 09:02:33,105172.10,104781.88,0.39,Baja
2025-06-15 10:00:58,104920.26,104777.90,0.13,Baja
2025-06-15 11:01:42,105101.99,104773.77,0.31,Baja
2025-06-15 12:01:27,104973.88,104750.77,0.19,Baja
2025-06-15 13:01:07,105289.91,104738.99,0.51,Baja
2025-06-15 14:00:54,105504.74,104736.22,0.73,Baja
2025-06-15 15:01:03,105643.36,104743.87,0.86,Baja
2025-06-15 16:01:24,105593.53,104753.84,0.80,Baja
2025-06-15 17:00:55,105565.47,104768.73,0.77,Baja
2025-06-15 18:00:52,105689.64,104794.21,0.87,Baja
2025-06-15 19:00:53,105485.29,104810.17,0.66,Baja
2025-06-15 20:00:55,105293.20,104816.41,0.46,Baja
2025-06-15 21:01:24,104694.75,104787.50,0.12,Sube
2025-06-15 22:01:00,104785.19,104758.65,0.00,Baja
2025-06-15 23:00:59,105262.38,104743.45,0.48,Baja
2025-06-16 00:01:56,105558.01,104739.23,0.77,Baja
2025-06-16 01:03:20,105418.19,104731.36,0.64,Baja
2025-06-16 02:02:28,105831.84,104753.14,1.04,Baja
2025-06-16 03:01:44,105784.85,104776.98,0.98,Baja
2025-06-16 04:01:30,105923.98,104816.88,1.08,Baja
2025-06-16 05:01:44,106432.00,104887.14,1.52,Baja
2025-06-16 06:01:43,106539.76,104968.71,1.55,Baja
2025-06-16 07:01:32,106586.01,105062.07,1.52,Baja
2025-06-16 08:01:32,107127.02,105186.89,1.93,Baja
2025-06-16 09:02:17,107251.01,105318.61,1.92,Baja
2025-06-16 10:01:00,106941.25,105440.88,1.52,Baja
2025-06-16 11:01:57,106744.19,105554.95,1.22,Baja
2025-06-16 12:01:21,106883.98,105665.89,1.24,Baja
2025-06-16 13:01:51,106721.94,105754.48,0.99,Baja
2025-06-16 14:00:54,106879.79,105851.75,1.05,Baja
2025-06-16 15:01:04,107545.96,105965.98,1.58,Baja
2025-06-16 16:01:27,107481.86,106064.78,1.41,Baja
2025-06-16 17:00:50,107747.43,106178.45,1.56,Baja
2025-06-16 18:00:52,107752.34,106287.93,1.46,Baja
2025-06-16 19:00:55,108270.03,106422.64,1.83,Baja
2025-06-16 20:00:55,108613.49,106570.16,2.02,Baja
2025-06-16 21:01:20,108791.18,106727.55,2.04,Baja
2025-06-16 22:00:58,108615.51,106872.75,1.74,Baja
2025-06-16 23:01:01,107708.09,106967.65,0.78,Baja
2025-06-17 00:01:55,106710.01,106998.11,0.24,Sube
2025-06-17 01:03:23,107219.73,107033.09,0.21,Baja
2025-06-17 02:03:01,107140.48,107031.38,0.10,Baja
2025-06-17 03:01:41,107473.83,107031.02,0.41,Baja
2025-06-17 04:01:33,107635.15,107024.12,0.56,Baja
2025-06-17 05:01:57,107325.60,106998.29,0.28,Baja
2025-06-17 06:01:45,107101.36,106961.48,0.10,Baja
2025-06-17 07:01:25,106834.03,106907.27,0.12,Sube
2025-06-17 08:01:29,106720.63,106843.72,0.17,Sube
2025-06-17 09:02:17,106546.09,106766.32,0.28,Sube
2025-06-17 10:00:58,106145.76,106663.86,0.58,Sube
2025-06-17 11:01:57,105915.43,106546.47,0.71,Sube
2025-06-17 12:01:27,105605.20,106408.15,0.89,Sube
2025-06-17 13:01:56,105509.18,106260.16,0.85,Sube
2025-06-17 14:00:52,105366.30,106102.23,0.85,Sube
2025-06-17 15:01:03,104848.32,105920.17,1.20,Sube
2025-06-17 16:01:26,104248.69,105707.05,1.60,Sube
2025-06-17 17:00:53,103579.15,105458.04,2.05,Sube
2025-06-17 18:00:54,103855.86,105221.90,1.54,Sube
2025-06-17 19:00:58,104459.48,105013.15,0.73,Sube
2025-06-17 20:00:58,104682.62,104830.58,0.32,Sube
2025-06-17 21:01:23,104377.73,104654.16,0.43,Sube
2025-06-17 22:01:03,104557.02,104514.32,0.09,Baja
2025-06-17 23:00:59,104273.01,104379.87,0.23,Sube
2025-06-18 00:01:59,104560.01,104282.19,0.17,Baja
2025-06-18 01:03:18,104870.41,104216.10,0.56,Baja
2025-06-18 02:02:27,104765.94,104164.18,0.52,Baja
2025-06-18 03:01:48,104865.99,104136.92,0.67,Baja
2025-06-18 04:01:34,105134.38,104139.34,0.95,Baja
2025-06-18 05:01:52,105436.05,104169.73,1.23,Baja
2025-06-18 06:01:57,105439.36,104211.52,1.20,Baja
2025-06-18 07:01:23,104974.01,104239.53,0.73,Baja
2025-06-18 08:01:31,104954.99,104272.14,0.68,Baja
2025-06-18 09:01:53,104949.91,104300.30,0.65,Baja
2025-06-18 10:01:00,104712.34,104309.47,0.39,Baja
2025-06-18 11:01:51,104300.88,104287.57,0.01,Baja
2025-06-18 12:01:31,104799.97,104288.29,0.49,Baja
2025-06-18 13:02:23,104514.00,104262.35,0.22,Baja
2025-06-18 14:01:02,104434.19,104231.16,0.16,Baja
2025-06-18 15:01:07,104601.12,104206.99,0.35,Baja
